Frequency (Hz),Channel 2 Magnitude (dB),Channel 2 Phase (°)
20,-27.609554809618938,15.929451371303644
20.185243819740947,-27.404829168923243,15.459493041847756
20.372203403119507,-27.117453394221322,15.162586536047026
20.560894641866195,-27.095344961004404,16.008301263267562
20.751333574903718,-26.741915419935061,15.523338533334313
20.943536389710406,-26.530944036880072,15.8468582360045
21.13751942369608,-26.53119728128604,14.757073651138802
21.333299165590773,-26.230332509274366,14.212280454128788
21.530892256846318,-26.198858114044754,14.278061058173554
21.730315493050767,-25.934395849334283,14.10321601754114
21.931585825356198,-25.671464961845523,13.704491366940626
22.13472036191947,-25.470076076075088,13.354230234248277
22.339736369356451,-25.237804859199329,13.260474473127189
22.546651274209744,-25.266508951407864,13.153983774522038
22.755482664429827,-24.973872454523267,12.253375745905737
22.966248290870222,-24.843293504313326,12.241395769052122
23.17896606879621,-24.609501812396253,11.160383722100294
23.393654079407693,-24.421164408995818,12.132719261717583
23.610330571376114,-24.213978130373171,11.21330166765641
23.829013962395518,-24.069181807787189,11.663618500391683
24.049722840748245,-23.853288301099909,10.913854704785749
24.272475966884812,-23.775803121333652,9.8175882326244448
24.497292275018616,-23.511441055482521,10.468158492422521
24.724190874735385,-23.365299005204044,9.8841554373780607
24.953191052617392,-23.324886861215756,9.2668561183920843
25.18431227388302,-23.062143611768555,9.7653962962757195
25.417574184041161,-22.981947894545883,9.9568462207314052
25.6529966105612,-22.828974915674319,8.6865069660081069
25.890599564558322,-22.67555326079728,8.9195849572787065
26.130403242494427,-22.399352830312338,8.8672092410131391
26.372428027894969,-22.240972450588909,8.665208707319966
26.616694493081493,-22.072472083542007,7.780774383797695
26.863223400920305,-21.801785766336259,8.1634881775795591
27.112035706587381,-21.78448403357342,7.4807207289583602
27.363152559349437,-21.512811373548502,6.955721640995506
27.616595304361844,-21.37337297683143,6.9055809008698787
27.872385484482841,-21.167971588690367,6.1052583130900686
28.130544842104729,-21.023570326723263,5.9305123305243477
28.39109532100203,-20.888757773947898,5.7537976045598427
28.654059068196617,-20.675820266966092,5.3559144820419142
28.91945843584039,-20.516820853395178,4.9409974900008002
29.187315983115123,-20.315513644734114,5.0467830331115096
29.457654478150069,-20.142622821573013,4.0396240586735566
29.730496899957142,-19.757292214746155,3.8464619303576661
30.005866440384366,-19.532750043735099,3.4349789474763561
30.28378650608704,-19.329061773551921,3.4077292290706502
30.564280720517385,-19.222948107472163,3.3240218203130887
30.847372925932582,-19.01948119447545,2.5894552048596644
31.133087185421243,-18.861779599735037,1.8122794498424177
31.421447784949006,-18.678866924026018,1.7537913597880532
31.712479235422744,-18.516227937955808,1.3791761038465609
32.006206274774001,-18.314266641510166,1.1204126034484361
32.302653870061825,-18.171213991785269,0.56102094772831634
32.601847219594823,-17.967648669133233,0.17996452077548497
32.903811755073249,-17.826723560281351,0.012638104696343078
33.208573143750591,-17.646195530861498,-0.64981208180999772
33.51615729061534,-17.481112730442973,-0.84762011432416529
33.826590340592972,-17.317194317220377,-0.90184772021989801
34.139898680768162,-17.179509982167207,-1.8475296699911752
34.456108942627878,-16.996571165892654,-1.9626944652193004
34.775248004325007,-16.831735983398772,-2.1834895842273312
35.097342992963007,-16.644415329071755,-3.0527143715283458
35.422421286901773,-16.484944550407711,-2.8000051439680576
35.75051051808471,-16.310463604860214,-3.2360110797987645
36.081638574387654,-16.141651363151915,-3.7426858723661027
36.415833601989249,-16.02325833603312,-4.1301794893171078
36.753124007763411,-15.848447368709873,-4.5729724405118475
37.093538461693988,-15.657276959979814,-4.7642122922006038
37.437105899311589,-15.501167811792833,-5.3205805205685266
37.783855524153324,-15.373581046154051,-5.7117044663987002
38.133816810245044,-15.17861847310515,-6.0256175954011937
38.487019504606607,-15.034876883355741,-6.5832082593521548
38.843493629780532,-14.857893484901243,-6.9972178790181303
39.203269486383718,-14.701952795825166,-7.3876100473425268
39.56637765568329,-14.53347856776351,-7.1983361936059254
39.932849002195866,-14.217997373579333,-8.6010316536805433
40.302714676311176,-14.558447700674847,-7.5368853571595835
40.676006116939639,-13.718384372482987,-12.381914030013327
41.052755054185042,-14.875385016279719,-6.0935046336168668
41.432993512041378,-15.348255083269891,-5.8085932313351094
41.816753811114999,-12.409906415470665,0.47674157626403257
42.204068571371927,-13.822728997288348,-29.959351910396762
42.594970714910417,-10.502462549253559,-21.840152612031531
42.989493468759612,-20.068621688976961,-11.210388547809984
43.387670367703684,-13.746649211972134,27.592794860800254
43.789535257132414,-15.05576003189625,37.03404200630051
44.195122295918061,-7.1805127023511792,-18.841508224815684
44.604465959318773,-34.843697314959726,-92.423411007272918
45.017601041909231,-15.438818394763477,61.552230045945763
45.434562660538099,-19.644724400890585,85.202826205689618
45.855386257312972,-7.5496782800509834,29.149515508345587
46.280107602613079,-9.01475663412233,43.551575687550724
46.708762798129584,-13.924282362001501,73.599159914717546
47.14138827993456,-5.2891291738755282,12.307699913248257
47.578020821577866,-4.2173986028834376,-15.32122858805792
48.018697537213036,-4.4457332426370764,-32.72048872607823
48.463455884752015,-4.6956806985459707,6.4791843260933888
48.912333669048934,-3.9573123709315676,-13.602296369008798
49.365369045113844,-22.842770122452535,-150.00602800935604
49.822600521355774,-3.9458924769767818,-28.581483829823341
50.284066962855938,-26.7020363663597,150.17682141564555
50.749807594671431,-4.959394460208884,-49.594682875957282
51.21986200516919,-11.822639040387372,-92.164581020985494
51.694270149391272,-18.176218035735236,-111.6565407305994
52.173072352450959,-3.8164796340708644,-5.0485297029930933
52.656309312960403,-25.682888875791029,85.568377490681144
53.144022106490127,-3.8798548335597891,-6.1947242239890841
53.636252189060308,-10.095955169318017,38.402666672213485
54.133041400664823,-19.156287291343123,56.306985045805277
54.634431968827521,-5.6576863889075613,11.724677402284172
55.140466512191658,-10.576821871307489,30.467998793419426
55.651188044142515,-3.953660346143133,-32.911226008340691
56.166639976463451,-20.007637265106212,-45.837467461150865
56.686866123026185,-5.9160167450716559,1.407433781510079
57.211910703514839,-11.015332413853702,-60.597683582290415
57.74181834718469,-7.6596892236278,-52.759162043389395
58.276634096655769,-11.750988194642794,-2.5083623482130406
58.816403411741277,-10.562995599724921,-4.7935036102496724
59.361172173312049,-10.788859184419803,-40.31832553983952
59.910986687196271,-6.2515316363217375,-37.522211290476591
60.465893688115521,-8.5867178565824513,-14.182498521446121
61.02594034365741,-6.2529092165408997,-33.473652109617959
61.591174258284525,-6.5247109264115331,-22.243450598768973
62.161643477381276,-8.4162764423437242,-25.365299039701682
62.737396491337527,-6.8022737863704075,-24.515232963901937
63.318482239670409,-6.4301025462027726,-28.85025324819938
63.90495011518427,-6.8571052067788294,-32.849899946571028
64.496849968168831,-7.0900648881245125,-29.265713331537398
65.094232110636966,-6.489574570583204,-29.752669208082665
65.697147320600862,-6.3653524606097989,-30.951142766882214
66.30564684638847,-6.2814961963857607,-32.361460636273421
66.919782410999488,-6.3392676300418174,-32.334992131078536
67.539606216501824,-6.1059750159450346,-32.529019860758353
68.16517094846904,-5.9931265551940216,-32.867596197793631
68.796529780458499,-5.8797825883922608,-33.357751424254872
69.433736378531194,-5.7353365714760871,-33.868759835329911
70.076844905813516,-5.5762600512768312,-34.462532356319684
70.725910027100852,-5.4461188370290419,-34.76008240682927
71.3809869135046,-5.352821453458505,-35.145986517018628
72.042131247141398,-5.171253804841931,-35.714404887052183
72.709399225866349,-5.0723371662054912,-36.087213486306325
73.382847568049868,-4.9492217240989147,-36.465251411761074
74.062533517398549,-4.8091729124801068,-36.873979682989159
74.748514847821284,-4.6689939191859029,-37.298493951283604
75.440849868339953,-4.5540260488750475,-37.869954639448679
76.139597428045676,-4.4119295851894815,-38.573107458824609
76.844816921101213,-4.2653325543957674,-38.528475558367404
77.556568291789148,-4.1413024333690913,-39.101083584292269
78.274912039607685,-4.0151928552457399,-39.649147977092468
78.99990922441286,-3.8890657453208521,-39.944644380075715
79.731621471608776,-3.7633003290460154,-40.54141399794571
80.470110977385858,-3.6475453187935543,-41.011603542128711
81.215440514007312,-3.5029950700482715,-41.588047693699252
81.96767343514523,-3.3549249629413898,-41.827756261879472
82.726873681265474,-3.2837152996919587,-42.506127287921089
83.493105785062696,-3.1414682253117574,-42.994055886694241
84.26643487694578,-2.9878744274962581,-43.313794797364835
85.046926690573642,-2.9060028872321331,-43.427308253107881
85.834647568443145,-2.7353049916203789,-44.034309326531215
86.629664467527959,-2.6101222396203063,-44.708990341757627
87.432044964970046,-2.4531618157713178,-44.518832958501548
88.241857263823803,-2.4080684797835685,-45.586944491628699
89.05917019885311,-2.236020683478805,-45.500836992425519
89.884053242382848,-2.1169379276756701,-46.599195208340973
90.716576510203723,-2.0146995758756829,-46.146827962600312
91.556810767532326,-1.8414304524953906,-46.798292653069879
92.404827435026263,-1.7184227197912849,-47.799215948886655
93.260698594854617,-1.6433342289545492,-47.511014293642091
94.124496996825627,-1.4865632120366574,-48.707203974674087
94.996296064570004,-1.3694697466026438,-48.391950730404005
95.876169901782148,-1.2440607331402527,-49.003539712553717
96.764193298519146,-1.1708851729711698,-50.269735623352602
97.660441737557605,-1.0082016384532186,-50.830386273819414
98.564991400810257,-0.96788675872743513,-51.094682040675849
99.477919175801262,-0.98057728516847076,-50.912579454301152
100.39930266220159,-0.64077234688994011,-51.357120444975266
101.32922017842536,-0.65791064458009063,-52.27178380299388
102.26775076828652,-0.42094079057065947,-52.962650804567097
103.21497420771816,-0.45466989685822462,-52.456499088915983
104.17097101155319,-0.23322039607881731,-52.820633810938467
105.13582244036839,-0.23673728261509178,-53.583811990458805
106.10961050739149,-0.051241031168647755,-54.710146507874832
107.09241798547214,0.12583263201858003,-54.75903180765215
108.0843284141183,0.14501969942628232,-54.793458120540869
109.08542610659673,0.39331177272703088,-55.192822752796332
110.09579615709934,0.45306775838300728,-55.550933327675601
111.11552444797756,0.56771027984688316,-56.738270706871432
112.14469765704065,0.64544867074695966,-57.11200482975714
113.18340326492485,0.79653097931452943,-56.892511037305184
114.2317295625287,0.82294475998887573,-57.689681064917096
115.28976565851747,1.0404887700257164,-58.316894268061198
116.3576014868987,1.0808001038981017,-58.357311214059763
117.4353278146651,1.1847221447749539,-59.092834055282786
118.52303624951105,1.3134074516306216,-59.542193833611407
119.62081924761888,1.4028719415705695,-59.780853394500504
120.72877012151727,1.5645900103708605,-60.237963314168539
121.84698304801424,1.6271820386953928,-60.646564477006976
122.97555307620046,1.69939803240748,-61.131501291356187
124.11457613553002,1.8293833671177042,-61.879227660604073
125.26414904397384,1.9237995467303342,-62.204501852851294
126.42436951624909,2.1391918833191177,-62.194671929342405
127.59533617212566,2.0467298561877296,-62.818407490249449
128.7771485448084,2.3363066807573873,-62.469382525455586
129.96990708939776,2.387739410356323,-64.893747763395169
131.1737131914287,2.6676509923186442,-64.932835309426409
132.38866917548788,2.3463806079399734,-63.273475055189508
133.6148783139123,2.5548015065208922,-62.985225700547424
134.85244483556684,2.6794460407312353,-63.225507327962781
136.10147393470413,2.5520954138943228,-64.735441960312926
137.36207177990613,2.8498718162674006,-68.227492914456249
138.63434552310815,2.8525705865625737,-64.302139381974271
139.9184033087075,2.8407015905460895,-65.302246650554636
141.21435428275547,2.8948394739660612,-67.358726175940532
142.52230860223492,3.3276167009611206,-70.301500401720006
143.84237744442387,3.8626309102564611,-68.183484784717024
145.17467301634505,3.8883547218652748,-70.447146218654439
146.51930856430462,3.8208247554398342,-66.756705266108
147.87639838351731,4.1281555869202542,-70.510315989000617
149.24605782782214,3.747138682635252,-67.161272554381554
150.62840331948752,4.0614599168788494,-67.832243629729234
152.02355235910662,4.4154059728726311,-70.3841117988473
153.43162353558606,3.8257208101123501,-70.168560986004621
154.85273653622539,3.9246705501293149,-71.986479209043949
156.28701215689085,4.2023035350182294,-74.019295755073074
157.73457231228312,4.402425683904668,-69.828731174756058
159.1955400462997,4.2682314663816623,-73.972125938492141
160.67003954249469,4.5814083034560884,-75.27485675971991
162.15819613463373,4.7754571310013381,-71.316227783920809
163.66013631734779,4.523899375968929,-73.562462334321481
165.17598775688543,4.9412491080485559,-72.280178830255764
166.7058793019639,4.8477682521496694,-73.050804981966621
168.24994099472235,5.2113570405236462,-73.648972636572694
169.80830408177493,5.3976406399237113,-75.989274930113197
171.38110102536695,5.4685010172568891,-75.291190641900698
172.96846551463454,5.1974141508782381,-75.75646256848421
174.5705324769676,5.5831627822788077,-75.899564167117774
176.18743808947983,5.6776981531723836,-77.455305425944061
177.81931979058317,5.5177278167294119,-77.345178218300987
179.46631629167038,5.803735162883509,-77.987367800210791
181.1285675889059,5.8309473406179251,-77.616312246153939
182.80621497512465,5.9047215756904041,-77.942234821789384
184.49940105184348,6.0340045356452832,-78.83448932788184
186.20826974138149,6.1266385089728237,-79.369981920628049
187.93296629909381,6.1544186128241609,-79.454936356975693
189.67363732571854,6.2183220853498087,-80.20377351349353
191.43043077983731,6.3328107458176488,-80.358855454647809
193.20349599045292,6.4151510331767314,-80.994051519702296
194.99298366968173,6.5144722288107744,-81.223031049713953
196.79904592556454,6.6096250559094303,-81.57148404218816
198.62183627499599,6.678512708664643,-81.976450022628143
200.46150965677307,6.7737708697598533,-82.335703685964688
202.31822244476592,6.8690800664023568,-82.798139282844573
204.19213246120933,6.9286500238393316,-83.150839668513498
206.0833989901175,7.0551118445049266,-83.620557033500518
207.99218279082405,7.0881802284604598,-83.819303120465719
209.91864611164553,7.1770525073623119,-84.464981788751402
211.86295270367401,7.3432134693712756,-84.500858789247729
213.82526783469521,7.3453340176822337,-85.374900622741478
215.80575830323673,7.4407088533189203,-84.869017331179322
217.80459245274611,7.478071580446656,-85.29435634342363
219.82194018589945,7.7498599157154562,-85.882879454805874
221.85797297904455,7.7963873783744813,-87.150475550271153
223.91286389677566,7.8230534800782241,-87.654624357853265
225.98678760664433,7.9494655347504324,-87.830303614936412
228.07992039400662,8.0087286742670489,-86.851302508602444
230.19244017700646,7.8258100091242788,-88.172486033498757
232.32452652170036,7.906691793599304,-87.982164394987421
234.47636065731993,7.9921687936880748,-88.607028339617926
236.64812549167559,8.3872045108651534,-88.351890950422074
238.8400056267065,8.1861917490120071,-88.747562676677333
241.05218737416851,8.2431832830029919,-89.272113031012793
243.28485877147358,8.5148775507557932,-91.329494955366741
245.53820959767208,8.4884532019325309,-89.665702780121308
247.81243138958311,8.8363387907542563,-90.835010677272834
250.10771745807824,8.6392552584555524,-92.287019932498822
252.42426290450945,8.6300586344267529,-91.21475932189486
254.76226463729571,9.0585315698779389,-91.770341519992897
257.1219213886593,8.8331171197555243,-91.364565653323837
259.50343373151736,9.1281541089445959,-92.107929074164815
261.90700409653357,8.9182517703474335,-92.842067545470627
264.33283678932099,9.1126704488163739,-92.685184803939364
266.78113800781176,9.2773404746992156,-92.872229539697912
269.25211585978224,9.334377314965117,-93.258127919818151
271.74598038054182,9.5488670580444079,-94.883705001766202
274.26294355078915,9.605107628228847,-95.134856627575118
276.80321931462629,9.4258101355549293,-95.139975510650174
279.36702359774796,9.7275379751657205,-95.567970438973134
281.95457432579354,9.8158038962496192,-96.553238705303727
284.5660914428704,9.686225591027096,-95.518298641287856
287.2017969302521,9.7380553441703874,-96.601155719125799
289.86191482524333,9.9590687333750711,-96.410797876472017
292.54667124022598,9.9382897323094515,-97.17330183827454
295.25629438187821,10.084807168409363,-97.304874084839298
297.99101457057071,10.09825590496675,-98.263580465538951
300.75106425994767,10.234830148071454,-98.692988550253247
303.53667805668107,10.307000105468315,-98.942224126539969
306.34809274041595,10.274891026762605,-99.096712544573251
309.18554728389569,10.446164896307597,-99.622988711118907
312.04928287327357,10.505398397167692,-100.11297747607274
314.93954292861736,10.562304325240579,-100.26199724401125
317.85657312459563,10.604694719567577,-100.83521670108757
320.80062141136398,10.682237211011362,-100.88348246104155
323.77193803563983,10.745339761410012,-101.53311180108065
326.77077556197207,10.82613777304956,-100.77397641599634
329.79738889421299,10.98517455006707,-101.45242063604194
332.85203529718075,10.93249405272328,-102.32579621695723
335.93497441853066,11.067203956036018,-103.31455374174418
339.04646831082431,11.04068327143027,-102.17915829933747
342.18678145380267,11.187473121241045,-103.43281895315985
345.35618077687121,11.238508006070337,-103.84146982912409
348.55493568178383,11.14849513670884,-104.99240466693084
351.7833180655465,11.318130842164255,-104.23582595061114
355.04160234352725,11.293212257559324,-105.19130921479079
358.33006547277989,11.43636454134324,-105.93870967262566
361.64898697559039,11.599155183971048,-106.18976150787498
364.99864896323049,11.467434293576218,-106.01779753248934
368.37933615994217,11.5091235179667,-106.66230175789605
371.79133592713765,11.704851857431622,-106.5940658474392
375.23493828782392,11.795607129161121,-107.43325198614616
378.71043595125906,11.917517181685689,-107.68382447523953
382.21812433782759,11.929275721258122,-107.99895126599668
385.75830160415558,11.948416694215751,-108.66492700788945
389.33126866845265,12.11008114716182,-107.58014497910364
392.93732923608889,12.288254527912505,-108.72851137669045
396.57678982541432,12.027351691323918,-108.35258995838377
400.24995979380736,12.362652342195348,-108.92276887564908
403.9571513639757,12.288275420514413,-108.95761036766082
407.69867965049281,12.26353482248234,-110.73754741147087
411.4748626865823,12.441186179954256,-109.97234725040869
415.28602145115497,12.622639064684758,-111.04101695819799
419.13247989608658,12.454184742955075,-111.55512648739804
423.01456497375898,12.690444455157488,-110.81720560579888
426.93260666484912,12.491828834643556,-112.14327251174826
430.8869380063764,12.756775238445424,-113.37680606531684
434.87789512001598,12.955748575154285,-112.58889552390607
438.90581724066277,12.913831526273524,-112.61972754134216
442.97104674527191,13.034821247748269,-112.42499179817175
447.07392918195933,12.995295339167708,-112.81942246404637
451.21481329937183,13.008957023878979,-113.33381301543915
455.39405107633598,13.149846145778106,-113.050632303898
459.61199775177022,12.932639960671226,-115.13588164072738
463.86901185488546,13.296814501692989,-114.11967974511219
468.1654552356589,13.136312848080111,-114.70072735907706
472.50169309558902,13.284065932672529,-116.87779008136371
476.87809401874409,13.236922530075518,-115.41063705587918
481.29503000308483,13.386593049316698,-117.6428419403229
485.75287649209008,13.466352434654898,-117.53645018732608
490.25201240666792,13.396181666566044,-118.39062482719807
494.79282017736227,13.525613903099831,-118.62578531163432
499.37568577686534,13.625717476844969,-118.58453119945646
504.00099875281842,13.595570196508541,-117.53805922526885
508.66915226092959,13.703761085333701,-117.66583324987869
513.38054309839038,13.78874563039904,-117.76591498938724
518.13557173760125,13.889256492352631,-117.99707781516851
522.93464236021839,13.888557246347206,-120.23628541555513
527.77816289150201,13.803473961904626,-119.64420690248963
532.66654503499615,13.837794574758657,-119.98943589123039
537.60020430752149,14.173510287143095,-120.0447787150402
542.57956007449297,14.041100147620313,-121.92648314867623
547.6050355855715,14.124395389353152,-120.31411102530538
552.67705801063403,14.266872511465449,-121.5220055910558
557.79605847608798,14.095622846016752,-122.39656726600987
562.96247210151625,14.389759415816034,-121.39315760510186
568.17673803666082,14.241791859969945,-123.27497974373995
573.43929949875394,14.298020420350039,-122.35437349500182
578.75060381019,14.523940019227853,-122.60007350426906
584.111102436549,14.354922070743106,-124.51554052972287
589.52125102497166,14.594307624205491,-122.81038815966227
594.98150944288807,14.651275289328753,-124.64179275882104
600.49234181710983,14.5551519149698,-124.22892844809908
606.05421657327929,14.76667480805212,-123.86749218348746
611.6676064756864,14.676783985432566,-125.41513600633974
617.33298866745486,14.655845884082844,-125.31793783476931
623.05084471109762,14.856817969858831,-125.37027019213288
628.82166062945294,14.703177068492263,-127.37798300997534
634.64592694699525,14.807545174681341,-125.68404317193166
640.52413873153,15.000952236187164,-126.2880806847146
646.45679563627618,14.856050299339172,-128.39055401199016
652.44440194233391,15.007803763158641,-126.4966764957872
658.48746660155382,15.15606481897581,-127.55195364944876
664.58650327979433,15.022115808311051,-127.51500493748472
670.74203040058569,15.170582077285726,-127.8655184601965
676.9545711891966,15.173115089159023,-129.0504979335094
683.22465371710564,15.071681362187041,-129.58423902875629
689.55281094689281,15.376397070146407,-128.30207940209823
695.93958077753837,15.102247384240318,-130.92417953945369
702.38550609014555,15.296765952744028,-129.87081795954234
708.89113479408718,15.460577683400397,-129.87956046755411
715.45701987357461,15.488652315852915,-129.73978178837049
722.0837194346675,15.533955767125445,-130.16386014176973
728.77179675270884,15.474031682058193,-130.85388421548458
735.52182032020607,15.641153761089534,-131.1439802307888
742.33436389515339,15.431518099668327,-133.08770757216035
749.21000654979866,15.615777848349243,-131.51181676494508
756.1493327198699,15.78365585613972,-131.73913283131907
763.15293225425046,15.663099130295624,-132.27700954274033
770.22140046511379,15.8920057946235,-132.26655923973138
777.35533817853354,15.804627606500979,-132.80978569995133
784.55535178554385,15.71250847316465,-133.6466324310822
791.82205329369174,15.701947620342175,-135.15721762626114
799.15606037905468,15.677172199496576,-135.23343143342558
806.55799643874104,15.775146360334549,-135.82915561549527
814.02849064388784,15.771065820799542,-135.67788913853366
821.56817799312944,16.126237520053635,-134.63338756568783
829.17769936658226,16.063538903124016,-135.02165678039083
836.85770158031698,15.98435810802293,-135.74384386160239
844.60883744133446,15.973260415635664,-137.290851780081
852.43176580306488,16.16348645077824,-137.20096995030949
860.32715162135901,16.265320407057327,-136.06343510506969
868.29566601101851,16.293648150628893,-136.75656237650352
876.337986302839,16.300251386388418,-136.73947158246966
884.45479610117934,16.360043121817483,-136.99613750028922
892.6467853420794,16.446646067966636,-137.38472066339097
900.91465035189162,16.351148128706736,-138.0222675914288
909.25909390647996,16.29511384009858,-138.52754760308
917.68082529095227,16.539712709856929,-138.5959353742405
926.18056035994744,16.562689324264205,-138.85381093499197
934.75902159849272,16.560145122574735,-139.13668465431118
943.41693818340343,16.537657072238389,-139.45981080658353
952.15504604527371,16.527371564099656,-139.92758345887938
960.9740879310267,16.528131589221044,-141.40150635133986
969.87481346704658,16.439156545279602,-141.67306257495571
978.85797922290635,16.554685913165191,-141.94895647667664
987.92434877566416,16.770531314940563,-141.2513443643241
997.07469277477878,16.698817703229754,-141.17637648639106
1006.3097890076114,16.78387500609529,-141.49170118242998
1015.6304224655341,16.841838659146596,-141.99362587498169
1025.0373854106665,16.851032168657454,-142.21634638020907
1034.5314774432038,16.911993610211464,-142.30497652471431
1044.1135055693951,16.904325344756533,-142.93393751084795
1053.7842842701355,16.944142637144495,-142.65074572770516
1063.5446355701933,16.932330675142946,-143.11714536097898
1073.3953891080953,16.848009052766507,-143.94845418258566
1083.3373822066303,16.667723015638909,-145.4184690530987
1093.3714599440361,16.744857329246933,-145.81576909131681
1103.4984752258256,16.724845079661634,-146.1871858126953
1113.7192888572818,16.681554345072918,-146.20101248706169
1124.0347696166375,16.74141342584128,-146.74422565254324
1134.4457943289087,16.850238218495885,-146.87067919008061
1144.9532479404356,16.779005558630931,-146.82361195424585
1155.5580235941015,16.840820856179608,-147.35909445478006
1166.2610227052437,16.799715245768873,-147.67805328420735
1177.06315503829,16.833131015420644,-147.91010668307513
1187.9653387840713,16.932815950395941,-147.63864518876707
1198.9685006378818,17.22453281199007,-147.79070189446506
1210.0735758782448,17.330701375920551,-147.93658153738198
1221.2815084464073,17.212318170639186,-148.70825514447932
1232.5932510265884,17.360619788006183,-148.439113262082
1244.0097651269423,17.34632804807601,-148.32650866758354
1255.5320211613,17.392084930421102,-148.61218749025608
1267.1609985316506,17.422743410710794,-149.40386114708548
1278.8976857113873,17.433392107091677,-149.80355533999193
1290.7430803293403,17.451140823450068,-149.67239433936879
1302.6981892545605,17.402276025173947,-150.5782622167425
1314.7640286819171,17.131906278340654,-151.25270634362261
1326.9416242184702,17.272995764500497,-151.13159236432941
1339.2320109706432,17.154303239733693,-151.6555762579863
1351.636233632222,17.483069536248689,-150.84245487476281
1364.1553465731372,17.584579111186027,-151.27128892406569
1376.7904139290993,17.548915293850847,-152.01345921258934
1389.542509692048,17.233156838633146,-152.91036857125107
1402.4127178014355,17.568712830465813,-152.26474025251738
1415.4021322363778,17.680950576921067,-152.29419152688013
1428.5118571086252,17.567515863420503,-153.45688726882079
1441.7430067564271,17.300299930814742,-153.980996649524
1455.0967058392466,17.662044853414663,-153.29003133704958
1468.5740894333517,17.750828895533548,-153.4852764939784
1482.176303128314,17.409833953861,-154.75303688109452
1495.9045031243643,17.383922342961007,-154.95539602579393
1509.7598563306863,17.442089223596277,-155.51820636838173
1523.7435404645998,17.432250584245278,-155.6848245042539
1537.8567441516611,17.674286297297243,-155.52334073010337
1552.1006670267143,17.429821843145533,-156.19408973254968
1566.4765198358393,17.839359307397629,-155.39513089239517
1580.9855245392839,17.708725492370927,-156.3839230149801
1595.6289144153257,17.440953750269934,-156.94736608734502
1610.407934165094,17.85876584729208,-155.99696500331032
1625.3238400183893,17.968032672070549,-156.37152787368342
1640.3778998404405,17.532247537602508,-157.65382576866099
1655.5713932396943,17.655077817667596,-157.72661339826897
1670.9056116765744,17.913980123392935,-157.28640453084381
1686.3818585732504,17.949737841181854,-157.92722054075585
1702.0014494244492,18.023285877133613,-157.80631401997476
1717.7657119092498,18.043695075794339,-157.9433782566627
1733.6759860039547,18.017540067736327,-158.64631927626817
1749.7336240959828,17.603623747358728,-159.63329381445124
1765.9399910988184,18.060664742672667,-158.77059076390208
1782.2964645680406,17.769791606935929,-159.84513637685393
1798.8044348184087,17.797814238193229,-160.02984927634395
1815.465305042045,18.075346112784988,-159.83300605494495
1832.2804914277042,17.660736234334475,-160.72316401402881
1849.2514232811486,18.144759003399578,-160.07306687993614
1866.3795431466478,17.724069839319636,-161.18101226548009
1883.6663069295903,17.98632458540704,-160.88960676095027
1901.1131840202384,18.027901869247323,-161.45782969599355
1918.7216574186293,17.800973002241246,-161.65576619808022
1936.4932238606248,18.211425471926614,-161.47099286358036
1954.4293939451447,17.761089090474304,-162.46793209335945
1972.5316922625643,18.02605955908103,-162.14099135338876
1990.8016575243039,18.197534293118775,-162.40968989461791
2009.2408426936263,17.797545284537538,-163.19728583808447
2027.8508151176309,18.2629931246185,-162.76695405637003
2046.6331566604899,18.174732327025801,-163.30493928895712
2065.5894638379027,18.286197259555582,-163.40440088102244
2084.7213479528023,17.85248898172582,-164.05849940474417
2104.0304352323178,18.020843972281558,-163.99003455741476
2123.518366966,18.314608891431369,-164.05592098585663
2143.1867996453425,17.887872609630744,-164.6712710680203
2163.037405104576,18.374335554879664,-164.34431721040812
2183.0718706627822,18.011147472647167,-165.26898343104259
2203.291899267314,18.122465232733081,-165.21014769471202
2223.699209638542,18.352916064593678,-165.32657025285596
2244.2955364159607,17.918340909011768,-166.04867481014213
2265.0826303056228,18.412784408128317,-165.55870676257126
2286.062258228957,18.056092956308895,-166.36667194971392
2307.2362034729567,17.987554265637801,-166.66309384567339
2328.6062658417536,18.446655092103363,-166.4547615847321
2350.174261809615,17.973897051583453,-167.27185975347709
2371.9420246753389,18.44741136811027,-166.93354072702391
2393.9114047180856,18.198445696080196,-167.37308262549379
2416.0842693546579,18.047487051394903,-167.73254434618036
2438.4625032982212,18.487188713606791,-167.66760207912566
2461.0480087185233,18.029937809104513,-168.25324581562248
2483.8427054035669,18.519350563786354,-168.04104845672111
2506.848530922799,18.201548034788885,-168.72843095539849
2530.0674407918077,18.211374428187657,-168.88521642264163
2553.5014086385313,18.541866008908585,-168.76408671376257
2577.1524263710357,18.060717043272739,-169.53300427481861
2601.0225043468172,18.567119982301257,-169.44620487689969
2625.1136715436855,18.119050282514195,-169.90758058825273
2649.4279757322352,18.338136454504518,-169.99761430944923
2673.967483649893,18.556787390036263,-169.99609148810265
2698.734281176613,18.114931463513798,-170.54021634942097
2723.7304735121629,18.528005331591402,-170.69112996522702
2748.9581853550762,18.536415031803184,-170.87665840060527
2774.4195610832417,18.144176883783157,-171.32660799894282
2800.1167649361951,18.573993065235218,-171.26191261609401
2826.0519811990675,18.54995606259196,-171.57347967122848
2852.2274143882564,18.156962192332237,-171.87023559963757
2878.6452894388158,18.60246883347935,-171.92713603003966
2905.3078518935622,18.584709892911178,-172.29706703223266
2932.2173680939691,18.208965834185889,-172.72133438703852
2959.3761253727926,18.712707982248155,-172.52985786089414
2986.7864322485034,18.543435443098055,-172.95603328328298
3014.4506186215144,18.588539974025252,-173.12059309162609
3042.3710359722095,18.63966996243289,-173.24030575705723
3070.5500575608453,18.701330622674771,-173.56371118612361
3098.9900786292633,18.254141080594152,-174.00362205843678
3127.6935166044927,18.719414147417915,-174.01019341812463
3156.6628113042361,18.578491720660114,-174.35769455279166
3185.9004251442461,18.348679801963396,-174.67638178046482
3215.4088433476472,18.724266212463458,-174.68553100224509
3245.1905741561745,18.263898892297597,-175.14287319274626
3275.2481490433747,18.794981824851803,-175.06224946935487
3305.5841229297907,18.534504153542223,-175.35937923212811
3336.2010744001186,18.311753121075636,-175.90552222337863
3367.1016059224048,18.818792681873777,-175.78735217554674
3398.2883440692522,18.582830608717039,-176.23693309572303
3429.763939741078,18.363081178345414,-176.51641399475628
3461.5310683914518,18.826804325589283,-176.5672205588495
3493.5924302544913,18.407809751785457,-177.01353290190087
3525.9507505744114,18.517876229737894,-177.25826276427279
3558.6087798371545,18.85507600680079,-177.17045765757496
3591.5692940041899,18.4342217887434,-177.5894766697923
3624.8350947484755,18.426870290850466,-177.85439307999025
3658.4090096925875,18.854494292835337,-177.95871735188945
3692.2938926490947,18.376828117569794,-178.22370496780863
3726.4926238631197,18.54435499405049,-178.65902497088891
3761.008110257163,18.876814515730047,-178.74343848249143
3795.8432856782028,18.357513412600788,-179.03270763352702
3831.0011111470558,18.793367283718055,-179.45133479195437
3866.4845751100906,18.661447102271129,-179.56215478648227
3902.296693693233,18.4259079355941,-179.8122800515979
3938.4405109583431,18.904843883345436,-179.96299892547901
3974.919099161968,18.587971800990257,179.80553525228356
4011.735559016468,18.58377808230011,179.46271458263655
4048.8930199536076,18.923811892311619,179.41739971928303
4086.3946403905406,18.416568002679242,179.20454704265666
4124.2436079982845,18.662271593398877,178.66744789527402
4162.4431399726782,18.940541492132535,178.7843890036016
4200.9964833078302,18.450045566775824,178.38111326122251
4239.9069150721416,18.654031769093642,178.0065086870226
4279.177742686843,18.93212022508288,177.91611554960002
4318.8123042071311,18.480924146169176,177.47928616808815
4358.8139686059121,19.000071225823135,177.26328229365652
4399.1861360601497,18.46642212213948,177.27351343257857
4439.9322382399096,18.891288113236936,176.60790650176835
4481.0557386000364,18.854416483160431,176.57847162139382
4522.5601326745546,18.497369868067139,176.27263694926404
4564.4489483737971,19.00787450242802,176.23435551806389
4606.7257462842626,18.506285025682239,175.92009757214001
4649.3941199712963,18.885374961999013,175.41187666206781
4692.4576962845249,18.924800087344288,175.3716190542134
4735.9201356661524,18.555359400524068,175.05761893984081
4779.7851324621006,19.073174339657289,174.75443386803326
4824.0564152360139,18.787505068765988,174.72094452014875
4868.7377470862211,18.568985584139604,174.46983729830674
4913.8329259655802,19.079959860130867,173.69129791897865
4959.3457850043205,18.800768129801483,173.78375758191649
5005.2801928358385,18.60367193433456,173.5456150345679
5051.6400539255692,19.079665787248373,173.1129515596792
5098.4293089028461,18.733179454918439,173.20334802113749
5145.6519348958645,18.79043798309587,172.53207498367914
5193.3119458697447,19.06197364181698,172.46345607672077
5241.4133929677055,18.618114836932875,172.42581281047447
5289.9603648554403,19.104059170849141,171.85165824627776
5338.9569880686413,19.095770052247037,171.68744001277537
5388.4074273637643,18.629254253159495,171.4914470583434
5438.3158860720378,19.155801837691129,171.0068597043705
5488.6866064567312,18.689514921789844,171.22582738448443
5539.5238700737818,18.84187239075391,170.48135480570045
5590.8319981357135,19.059715492735595,170.30636172690862
5642.6153518789415,18.669555888174465,170.07550770007771
5694.878332934496,19.148293429148932,169.68638266452714
5747.6253837021322,18.656026907746636,169.69475848770239
5800.8609877279832,18.973109681948287,168.96787490345579
5854.589670085632,19.03880121626586,168.94508694342741
5908.8159977607602,18.675647425966112,168.99313779719296
5963.5445800393472,18.918141090950058,167.97172311076895
6018.7800688994421,19.102484382688637,168.0327257877268
6074.5271594066235,18.719956745788835,167.64427071278567
6130.7905901130534,19.195028273372692,167.23886664944763
6187.5751434602735,18.704457415067687,167.37309647128544
6244.8856461857158,19.177040928474764,166.37087209165327
6302.7269697329584,19.023784641526962,166.71272805690938
6361.1040306658397,18.722279794481864,166.36063960184396
6420.021791086343,19.230208608444592,165.63957074884109
6479.4852590563905,18.757075916882325,166.13728777745297
6539.4994890235357,19.041634173866147,165.0734179747711
6600.0695822505704,19.104563526579998,165.10165629722482
6661.2006872491775,18.760581525731929,164.8467340563686
6722.8980002175294,19.250600767965423,163.90293692109023
6785.1667654819839,19.008388062039323,164.46941273639732
6848.0122759428514,18.803464125598996,163.97655934683621
6911.4398735242794,19.295818932520163,162.92342510741446
6975.4549496283553,18.962563057911247,163.30568738499591
7040.0629455933577,18.784323269986331,162.93479960712443
7105.2693531562791,19.328766579677456,162.09698928724174
7171.0797149196342,18.833957527317651,162.56691616912397
7237.4996248225607,19.221328362668043,161.21653193545745
7304.5347286163505,18.993726579906408,161.68018361067769
7372.1907243443156,18.96220213582837,160.86916393728794
7440.473362826132,19.330808136977488,160.36844060784622
7509.3884481466739,18.92811274618477,160.7526940362072
7578.9418381493351,18.961913386885701,159.70278409425481
7649.1394449339987,19.327049622362463,159.33788158177867
7719.9872353595347,18.820915524374698,159.85992725262881
7791.4912315510028,19.055225846574192,158.48666622529217
7863.6575114115394,19.288117943754152,158.27982796004844
7936.4922091389635,18.845187771337251,158.30868876353651
8010.0015157472226,19.311813479932148,157.03504415166884
8084.1916795926118,19.294668367466901,157.26101093366054
8159.0690069048978,18.873326891313123,157.68564981641632
8234.6398623233581,19.098367996974314,156.17909054632977
8310.9106694377497,19.350134846618726,155.90866879797574
8387.8879113343719,18.909264386786731,156.20463018456201
8465.5781311470982,19.199811674090618,154.89180012926164
8543.9879326135615,19.262279928929804,155.03873922155083
8623.1239806364574,18.906755331251446,154.74623871985963
8702.9930018501,19.403266369249923,153.68364713917026
8783.6017851921715,18.883289641052379,154.2245031038133
8864.9571824807917,19.312885027375767,152.44639914272651
8947.0661089969362,19.240209757135183,153.05860748330929
9029.9355440722047,18.915576733384498,152.9188134330773
9113.5725316821281,19.308905878606264,150.98993606867526
9197.9841810448779,19.291892285854054,151.44597952990893
9283.1776672255546,18.956295431503815,151.12089536338385
9369.1602317461002,19.402624732266176,150.24683708124405
9455.9391832007823,18.974425220728904,150.9788401521709
9543.5218978774919,19.196904756370184,149.0417472850898
9631.9158203847019,19.241713846283574,149.37321121150083
9721.1284642842675,18.962363359576553,148.9468080065717
9811.1674127301012,19.405762821303043,147.20931144550249
9902.0403191127025,19.261846728721128,147.82407920176428
9993.7549077097683,18.965872563065012,147.55005594544977
10086.318974342717,19.369489250956885,145.93828435919158
10179.740387039359,19.181549155352414,145.67732374698991
10274.027086702688,18.965577808016391,146.6616270478923
10369.187087785825,19.358359459465625,145.06910732312835
10465.228478973324,19.377531120070703,143.65756110670932
10562.159423868663,18.93985564748899,144.49883185042376
10659.988161688176,19.186685383330627,144.10613742456775
10758.723007961406,19.392948011431184,142.37143895681544
10858.372355237885,18.984863077251678,142.69729884698916
10958.944673800575,19.151444303824597,142.5994839096933
11060.448512385801,19.365725531073629,140.62339832697165
11162.892498909921,18.994551028410108,140.81786506387368
11266.285341202716,18.95577916459078,141.03478664976157
11370.635827747506,18.997892828766677,140.60154698545219
11475.952828428268,19.350128952074968,138.57923177153782
11582.245295283516,19.336291743707477,137.55627035326532
11689.522263267263,18.94088000248977,137.91546037204455
11797.792851016999,19.013212314751392,138.23362156613922
11907.066261628741,19.323959151041738,136.2104209238108
12017.351783439373,18.972074977001551,135.70885896704189
12128.658790816124,18.88086273948187,136.40409800765582
12240.996744953392,19.228902329732811,134.5151651146702
12354.37519467699,19.229199317063504,133.02085564698007
12468.803777255729,18.867755450942468,133.84871189789433
12584.292219220688,19.111930258563127,133.28369527622795
12700.850337191923,19.17753054785576,131.07826274222404
12818.4880387129,18.821559663273494,131.45712075545006
12937.215323092654,19.062574473615651,131.13624743823502
13057.042282255696,19.041377652805632,129.24582846544047
13177.979101599898,18.771378057785732,130.01965208546102
13300.036060862236,19.105318374249162,128.44979916515584
13423.22353499256,18.91183989903563,127.09212069304047
13547.551995035503,18.687198145686708,127.62224413682988
13673.032009020477,18.701953989868766,127.61719544646206
13799.674242860036,18.880177660637013,126.43500666575386
13927.489461256446,18.933672767454595,123.91313687837385
14056.48852861669,18.732588103198186,123.68509655005204
14186.682409975992,18.59315101462002,124.48491403557358
14318.082171929778,18.879858850149176,122.66601329342572
14450.698983574428,18.753647577716265,121.06474921737208
14584.544117456624,18.472251494228704,121.98526446455813
14719.628950531527,18.733193328847936,120.44653903805425
14855.964965129837,18.53369667208591,119.18006821160199
14993.563749933752,18.395187194091591,119.96014266277126
15132.437000962109,18.650435781875977,118.10567399579077
15272.596522564483,18.538280710671813,116.20131229315444
15414.054228424606,18.259910367181966,116.80520808450507
15556.822142572979,18.25031821899637,116.53864956060175
15700.912400409017,18.473428654578669,114.70862554086318
15846.337249732505,18.311361327859409,113.10495153870953
15993.109051784693,18.052099222952037,113.67565930215984
16141.240282299015,18.265593424339006,112.63463370299334
16290.743532561492,18.049460679179855,110.97262544977252
16441.631510481082,17.971352638058665,111.71951268659502
16593.917041669814,18.147960136633575,109.50400468479688
16747.613070532978,17.840661912456884,108.40916269119836
16902.732661369442,17.852389409174659,109.2560632049119
17059.288999482051,17.957200752482755,107.25581017006385
17217.295392298489,17.682567883463097,105.75926574645247
17376.765270502368,17.581195849736865,106.6877621147637
17537.712189174854,17.729006283877965,105.17424404361432
17700.149828946876,17.548899005823507,103.09992056494934
17864.091997161937,17.299630718363936,103.77962778904973
18029.552629049835,17.528733088650551,102.6148137985567
18196.545788911117,17.287102493473199,100.7243634944511
18365.085671312565,17.097195922289913,101.31038726681612
18535.186602293765,17.279115893612737,99.379023505595967
18706.863040584773,16.975138550919869,98.304822112944834
18880.129578835207,16.921179930238143,98.730675705184922
19055.000944854579,17.033569239861222,97.464351396501087
19231.492002864194,16.872150663852576,96.078016470268778
19409.617754760613,16.527726538885361,95.459584346378691
19589.393341390791,16.751136466875906,94.985348698175471
19770.834043839146,16.51979859039384,93.372202132038524
19953.955284726402,16.273246442273766,92.887054704618208
20138.772629520539,16.202980290404476,92.990579330106996
20325.301787859902,16.31170647135502,91.788414343831917
20513.558614888439,16.159393951060469,90.400509890630559
20703.559112603525,15.796691156032129,90.487976573865566
20895.319431216085,15.940375980195306,89.826523379913652
21088.855870523366,15.912242422703704,88.184520777096196
21284.184881294492,15.60239331378204,87.036602992660391
21481.323066668669,15.402857198283961,87.491475819145194
21680.287183566619,15.570086398531442,86.421340389054819
21881.09414411485,15.196228964853402,84.834800267486003
22083.761017083205,15.051697774750188,85.114865467637557
22288.305029335763,15.212133840507278,83.869565610687289
22494.743567295038,14.931176844735299,82.724438233231041
22703.094178419979,14.644464526091038,82.892870351029558
22913.37457269743,14.765724055501575,81.855319117401976
23125.602624147508,14.476961875099361,80.665446364220074
23339.796372342949,14.295222161900792,80.86315203766452
23555.974023942385,14.429493399010973,79.734455881025312
23774.153954238067,14.105138442223133,78.393669922638523
23994.354708717685,13.925922410484645,77.956934651984213
24216.595004640789,13.73819846912745,77.527216822493202
24440.893732629775,13.883855157856066,76.650671849776316
24667.269958275519,13.653076279567987,76.283329265815794
24895.742923758124,13.374284063741177,75.231589062839078
25126.332049482404,13.184703825258195,75.438386158586738
25359.05693572868,13.161883839752173,74.760174909743
25593.93736431883,13.163816917779553,73.758552844031641
25830.993300297676,12.783310487007887,73.065131571124056
26070.244893630181,12.697500364213411,72.976596622649424
26311.712480914081,12.64931455822893,71.939240685759728
26555.416587108582,12.315392938789699,71.479419078147885
26801.377927279013,12.346325806087417,71.002303551406015
27049.617408357506,12.21540180479478,69.979619626096792
27300.156130920277,11.841168953841894,69.90979370347884
27553.015390981072,11.794113246462484,69.537250009112384
27808.216681801423,11.799793284494109,68.991404046449347
28065.781695717462,11.502127945254411,68.04409463734234
28325.732325983976,11.282005233798413,67.793220489329954
28588.090668635217,11.371598730373542,66.982673719825058
28852.879024363148,10.944715650310021,66.506968386181413
29120.119900412999,10.827514484100272,66.634681734494791
29389.836012496344,10.903629518815434,65.610477897154936
29662.050286722086,10.604145568163917,65.253499217220281
29936.785861545111,10.312035655554308,65.268880298650004
30214.066089733082,10.339171285803522,64.443393104807058
30493.914540351492,10.210841824695462,63.938567278820528
30776.355000766926,9.8294483391940162,63.285809274694145
31061.411478669197,9.8914631540520794,63.050128060182082
31349.108204111897,9.7446349397760184,62.492393973592968
31639.469631571999,9.3256822427597399,61.988358700781419
31932.520442028534,9.3950578627180317,61.725300133838061
32228.285545060397,9.2311391145108459,61.750301629797548
32526.790080963845,8.8535349470454818,61.116400611603382
32828.059422889324,8.9703182910069348,60.056708549401606
33132.119178998269,8.6122521596625603,60.042525558701911
33438.995194639807,8.4372328030958403,59.97373240735908
33748.713554547518,8.4749035919092659,59.493619889565259
34061.300585056888,8.0266971423546316,59.419130596694941
34376.782856342914,7.9808048850473661,58.771300463146076
34695.187184678616,8.0397365379828543,58.298187699338882
35016.540634714504,7.8229447124491873,57.948998366537353
35340.870521778932,7.3934029635106038,57.88204320186982
35668.204414200161,7.3163211874000016,57.30793996604352
35998.570135649526,7.2932048125617266,56.992856355213675
36331.995767506538,6.8699689249322251,56.846775409193469
36668.509651245811,6.9438526984128668,56.276590897487523
37008.140390846042,6.6898831615059793,56.092409293097887
37350.91685522152,6.4456439838297106,55.456296980860039
37696.868180675905,6.5113044618878178,55.493935800776853
38046.023773378882,6.0998379123922932,54.971811798131611
38398.413311865697,5.8446617849128399,54.776550425957822
38754.066749559781,5.9378489916299433,54.866082946212963
39113.014317318986,5.6982366807950484,54.597663183124432
39475.286526005111,5.2905007654641878,53.933638936652244
39840.914169077383,5.363391019265169,53.608580578224831
40209.928325209985,5.237109966203521,53.919352255529304
40582.360360933562,4.7606127763720991,53.717888408486999
40958.24193330171,4.8188067577327072,52.612603472854161
41337.604992581641,4.6498542244883492,53.287392193290714
41720.481784970056,4.1680899507969666,52.835659916837727
42106.90485533412,4.2292372920953101,52.16990069170761
42496.907049977657,4.1800350869583029,52.034018599761964
42890.52151943335,3.7080132288486984,52.365142934310491
43287.781721280408,3.7143937164747269,51.233748795378453
43688.721422988521,3.6229618874433407,51.646203103801312
44093.374704788199,3.1143597937138083,50.847382365647192
44501.775962567386,3.039100378528039,51.376568873357456
44913.959910795478,3.0545988097019521,51.100293258774613
45329.961585473851,2.6501048467433241,49.865623776216054
45749.816347114036,2.5765245130780841,50.703212478679234
46173.559883743394,2.2880216768063115,50.817354681582074
46601.228213938492,2.0276011122412614,50.2622627728257
47032.857689886972,1.7720129638923581,50.018170315002095
47468.485000477325,1.7091716555910761,49.385982858182061
47908.147174417587,1.4038920629187217,48.903243297777095
48351.881583382616,1.5183696978147383,50.587091425955052
48799.725945190999,1.0300035397261502,50.288301219461687
49251.718327010938,1.1011660689697393,50.430885823776876
49707.89714859597,1.2101689133415403,48.38903542930791
50168.301185550823,0.26975342870504304,47.538502876313018
50632.969572627109,0.8516899973955796,47.810425980200755
51101.941807050142,0.0048346300419364191,50.534961865572924
51575.257751876015,-0.32461885675641183,49.631997344338629
52052.957639380096,-0.21330758992137799,46.388170573952735
52535.08207447677,-0.71178482525016573,49.31768498822013
53021.672038170778,-0.90966716013950166,49.262222537807247
53512.768891040905,-1.256902775493649,47.895334233035555
54008.414376755456,-1.1095893044149161,49.3620130998234
54508.650625620561,-1.2800456059282581,46.636955991149108
55013.520158161344,-1.4517546097487228,45.908804430511097
55523.065888736026,-2.4606249349382376,45.631616831876698
56037.331129183913,-1.9374662730074286,46.783515622024026
56556.359592506822,-2.507215063521131,49.763926410454737
57080.195396584757,-2.7597464495567054,49.224705897815952
57608.883067925955,-2.8332249555671156,46.279101072252956
58142.467545451567,-3.3182059749739579,46.971166960790399
58680.994184315736,-3.8434846759502261,46.110624916322436
59224.508759760683,-3.8723968387360164,49.637443156327009
59773.057471007654,-4.2647719159169419,48.407121856275126
60326.686945183952,-4.6613384568574663,48.240984885542218
60885.444241286059,-4.26981643118999,48.411123143204172
61449.376854180075,-5.0457341982745394,49.545428226340519
62018.532718638533,-5.7571817565172978,49.814659050023735
62592.960213415005,-5.8442568692468368,50.024118909045342
63172.708165356387,-6.1793352694993606,50.389308909137519
63757.825853552917,-6.7889609944740847,51.225868924191765
64348.363013527429,-6.7408389696217874,51.605542467310215
64944.369841462576,-7.2017108037992026,52.207478407144343
65545.896998467651,-7.7743462354964334,51.73121067175866
66152.995614884843,-7.9276908086705262,52.927322603999798
66765.717294635222,-8.5512884811720689,55.982200044294871
67384.114119605336,-9.0829306640541834,54.247945317179301
68008.238654074128,-9.451831836697643,56.737006560095679
68638.143949180856,-9.9199864371890776,57.991758486869827
69273.883547434685,-10.552536406664764,57.745768096920301
69915.511487265496,-10.799412425021266,61.631883809300163
70563.08230761766,-11.69121553391048,62.506271251245195
71216.651052585556,-12.567497980465884,65.170071527057132
71876.273276092514,-13.355053803869774,69.022220026817365
72542.005046612961,-13.853702146641606,73.919783682575797
73213.902951938042,-14.285493486203929,78.724468801696943
73892.024103986056,-15.370220968151738,85.630880266743389
74576.426143656674,-16.240901506301533,93.028840017618521
75267.167245730656,-15.901207413143901,103.05134264820953
75964.306123814735,-16.435725535062392,112.36041902335219
76667.902035332023,-15.818528822030125,122.58184562091336
77378.014786559506,-15.296190849801759,131.52144473135559
78094.704737711203,-14.762086285323576,141.08268363363274
78818.032808068951,-13.677553794682971,146.2170731788915
79548.060481160734,-12.372711418821261,152.23460024560572
80284.849809986437,-11.743839076624429,155.54554126727322
81028.463422292945,-10.629127726289688,158.42253587296082
81778.964525897201,-9.3642716942501583,159.6467147540217
82536.416914059038,-8.8530978268175371,161.66625299309484
83300.884970903702,-7.5285531521536155,163.63734361105924
84072.433676894274,-6.8753262414313374,163.45601846935767
84851.128614355548,-6.2229223007764354,163.92099328738004
85637.035973048231,-5.5259070393053653,162.12710093245374
86430.222555795335,-4.3075973889195041,161.21545577439065
87230.755784160123,-3.6667385868640174,160.44303039968347
88038.703704177489,-3.1718007894126443,158.97740188244904
88854.134992137653,-2.5099266578955532,156.80964354706373
89677.118960423715,-1.6518143947404895,153.66842911263649
90507.725563403423,-1.2526692410334641,152.41346467333852
91346.025403374937,-0.87010099732854618,150.46779459936988
92192.089736568669,-0.046550326226492064,146.35988006202052
93045.990479203785,0.10387461733891312,144.04212820474643
93907.800213601149,0.69704659117646028,139.79223653885384
94777.592194353128,1.0095448720059921,135.43816986189327
95655.440354549704,1.2722085654156978,135.1256022762949
96541.419312063663,1.6304392027933234,128.70249898165287
97435.60437589261,1.8949350488294068,123.29491447232004
98338.071552560519,1.7427489112553243,122.85850636898097
99248.897552578375,2.1415491734682552,117.20130791597518
100168.15979696425,1.7604311921180951,112.45647042916579
101095.93642382482,2.0476658518487723,112.48466209067297
102032.30629499667,1.7111563548389652,107.74056903604827
102977.34900274983,1.9515923109582587,103.97599844087955
103931.14487655326,1.6127134302914123,101.60862843175744
104893.77498990238,1.4360961451709215,98.0370840156572
105865.32116721124,1.4414420670646049,95.884782138510673
106845.86599076704,0.97369997847149881,93.077956177816048
107835.49280774999,0.89746941641313371,91.027439914317029
108834.28573731786,0.94381593514157214,88.801075082836746
109842.32967775578,0.47934062687297285,87.621983256207798
110859.71031369337,0.33655548363842375,84.697421082799139
111886.51412338755,0.28074429157344744,85.501652186125057
112922.82838607335,-0.12804680168668164,83.049731453885585
113968.74118938285,-0.57137425995988944,82.664114032574389
115024.34143683227,-0.33150966722756403,80.843619807179948
116089.71885537956,-0.598085612605048,78.246866303233077
117164.96400305071,-1.2520178551575711,77.231168728015064
118250.1682766375,-1.0967827160561923,77.230967620940817
119345.42391946632,-1.5224709794090143,75.051706418352396
120450.82402923857,-1.745106292973243,73.841807303514315
121566.46256594459,-1.8540071944103953,73.089795692682884
122692.43435985011,-2.0275229890364699,71.812764457963496
123828.83511955682,-2.3887268452466612,69.897687559732333
124975.7614401379,-2.3724505596940579,69.258116550389332
126133.31081134811,-2.5607585655566902,68.993232085811286
127301.58162591144,-2.9393064037370937,69.532946220487787
128480.6731878838,-3.331240591057643,66.561714532612811
129670.68572109441,-3.3176345516824601,67.661657143343902
130871.72037766472,-3.3469864846718616,66.694587720767998
132083.87924660608,-3.6683577495523418,65.856662236752129
133307.26536249826,-3.8157158541616312,65.0368440479822
134541.98271424673,-4.0644910148741102,65.259377512942251
135788.13625392213,-4.1974908476239072,65.153854576582788
137045.83190568129,-4.4693344811316438,63.826214082894268
138315.17657477051,-4.4185069102701977,63.258586951274708
139596.2781566132,-4.8878848066309208,63.279901840139757
140889.24554598075,-5.0633162166586745,62.848585505530892
142194.18864624863,-5.0916889128659628,62.379671295973338
143511.21837873856,-5.2625748236653571,61.9957915596082
144840.4466921463,-5.4770099526087144,60.27869727217093
146181.9865720582,-5.4010680575301917,60.930614729287228
147535.9520505546,-5.8572585909770583,58.956592589101703
148902.4582159027,-5.7813096915232549,59.864432318082251
150281.6212223394,-6.1389033603971956,60.323924170352441
151673.55829994383,-6.2461686803684699,58.400432939023176
153078.38776460296,-6.7416546625898626,58.434030975607016
154496.22902806802,-6.6059682766136785,58.379264524468795
155927.20260810474,-7.0005247106238135,57.60360570949824
157371.43013873702,-7.0745274748408447,55.479051353416821
158829.03438058679,-6.8240992230124187,59.029164618213017
160300.1392313081,-7.3472815123836082,55.98430981058786
161784.86973611877,-7.6186876184176526,56.405923009330877
163283.35209842943,-7.5810874602746301,56.558648332785225
164795.71369057041,-8.002177410662572,55.539268345627761
166322.08306461925,-7.8345681306015758,56.801859133994199
167862.58996332728,-8.216978656980972,56.551311947383418
169417.36533114803,-8.4032302006413833,54.367361614506493
170986.5413253677,-8.5573978250372278,53.730242882741194
172570.25132733793,-8.5660352452577477,54.976678255972637
174168.62995381447,-8.9448944212198143,53.159363564498562
175781.81306839909,-8.8982759059125698,53.304395271034025
177409.93779308806,-9.0894735425753233,52.254547215455659
179053.14251992802,-9.5050401546614474,51.466101943329377
180711.56692277858,-9.5850707909925053,52.91125636144907
182385.35196918598,-9.6787477005101259,52.319896161211659
184074.6399323644,-10.031397339397078,49.377645150924536
185779.57440328997,-9.8685987057190374,50.658580664599711
187500.30030290579,-10.206655711777632,49.375556124351746
189236.96389444004,-10.412643087919353,49.428817861430439
190989.71279583932,-10.357286468155655,49.047789959109593
192758.69599231571,-10.708328377035976,48.518790243695861
194544.06384901074,-11.311856163203391,47.461881473333044
196345.96812377684,-11.105765877152091,48.870600549574092
198164.56198007596,-11.950622609645645,45.552219949580532
200000,-12.269066759515701,45.563522250324553
